TU,Region,1900 -> 1901,1901 -> 1902,1902 -> 1903,1903 -> 1904,1904 -> 1905,1905 -> 1906,1906 -> 1907,1907 -> 1908,1908 -> 1909,1909 -> 1910,1910 -> 1911,1911 -> 1912,1912 -> 1913,1913 -> 1914,1914 -> 1915,1915 -> 1916,1916 -> 1917,1917 -> 1918,1918 -> 1919,1919 -> 1920,1920 -> 1921,1921 -> 1922,1922 -> 1923,1923 -> 1924,1924 -> 1925,1925 -> 1926,1926 -> 1927,1927 -> 1928,1928 -> 1929,1929 -> 1930,1930 -> 1931,1931 -> 1932,1932 -> 1933,1933 -> 1934,1934 -> 1935,1935 -> 1936,1936 -> 1937,1937 -> 1938,1938 -> 1939,1939 -> 1940,1940 -> 1941,1941 -> 1942,1942 -> 1943,1943 -> 1944,1944 -> 1945,1945 -> 1946,1946 -> 1947,1947 -> 1948,1948 -> 1949,1949 -> 1950,1950 -> 1951,1951 -> 1952,1952 -> 1953,1953 -> 1954,1954 -> 1955,1955 -> 1956,1956 -> 1957,1957 -> 1958,1958 -> 1959,1959 -> 1960,1960 -> 1961,1961 -> 1962,1962 -> 1963,1963 -> 1964,1964 -> 1965,1965 -> 1966,1966 -> 1967,1967 -> 1968,1968 -> 1969,1969 -> 1970,1970 -> 1971,1971 -> 1972,1972 -> 1973,1973 -> 1974,1974 -> 1975,1975 -> 1976,1976 -> 1977,1977 -> 1978,1978 -> 1979,1979 -> 1980,1980 -> 1981,1981 -> 1982,1982 -> 1983,1983 -> 1984,1984 -> 1985,1985 -> 1986,1986 -> 1987,1987 -> 1988,1988 -> 1989,1989 -> 1990,1990 -> 1991,1991 -> 1992,1992 -> 1993,1993 -> 1994,1994 -> 1995,1995 -> 1996,1996 -> 1997,1997 -> 1998,1998 -> 1999,1999 -> 2000,2000 -> 2001,2001 -> 2002,2002 -> 2003,2003 -> 2004,2004 -> 2005,2005 -> 2006,2006 -> 2007,2007 -> 2008,2008 -> 2009,2009 -> 2010,2010 -> 2011,2011 -> 2012,2012 -> 2013,2013 -> 2014,2014 -> 2015,2015 -> 2016,2016 -> 2017,2017 -> 2018,2018 -> 2019,2019 -> 2020,2020 -> 2021,2021 -> 2022,2022 -> 2023,2023 -> 2024,2024 -> 2025,2025 -> 2026,2026 -> 2027,2027 -> 2028,2028 -> 2029,2029 -> 2030,2030 -> 2031,2031 -> 2032,2032 -> 2033,2033 -> 2034,2034 -> 2035,2035 -> 2036,2036 -> 2037,2037 -> 2038,2038 -> 2039,2039 -> 2040,2040 -> 2041,2041 -> 2042,2042 -> 2043,2043 -> 2044,2044 -> 2045,2045 -> 2046,2046 -> 2047,2047 -> 2048,2048 -> 2049,2049 -> 2050,2050 -> 2051,2051 -> 2052,2052 -> 2053,2053 -> 2054,2054 -> 2055,2055 -> 2056,2056 -> 2057,2057 -> 2058,2058 -> 2059,2059 -> 2060,2060 -> 2061,2061 -> 2062,2062 -> 2063,2063 -> 2064,2064 -> 2065,2065 -> 2066,2066 -> 2067,2067 -> 2068,2068 -> 2069,2069 -> 2070,2070 -> 2071,2071 -> 2072,2072 -> 2073,2073 -> 2074,2074 -> 2075,2075 -> 2076,2076 -> 2077,2077 -> 2078,2078 -> 2079,2079 -> 2080,2080 -> 2081,2081 -> 2082,2082 -> 2083,2083 -> 2084,2084 -> 2085,2085 -> 2086,2086 -> 2087,2087 -> 2088,2088 -> 2089,2089 -> 2090,2090 -> 2091,2091 -> 2092,2092 -> 2093,2093 -> 2094,2094 -> 2095,2095 -> 2096,2096 -> 2097,2097 -> 2098,2098 -> 2099,2099 -> 2100
TTWFossil,France,0.0,0.0,0.0,0.0,0.0,0.0,0.0,0.0,0.0,0.0,0.0,0.0,0.0,0.0,0.0,0.0,0.0,0.0,0.0,0.0,0.0,0.0,0.0,0.0,0.0,0.0,0.0,0.0,0.0,0.0,0.0,0.0,0.0,0.0,0.0,0.0,0.0,0.0,0.0,0.0,0.0,0.0,0.0,0.0,0.0,0.0,0.0,0.0,0.0,0.0,0.0,0.0,0.0,0.0,0.0,0.0,0.0,0.0,0.0,0.0,0.0,0.0,0.0,0.0,0.0,0.0,0.0,0.0,0.0,0.0,0.0,0.0,0.0,-0.0,0.0,0.0,0.0,0.0,0.0,0.0,518.421875,242.390625,303.6875,548.859375,-46.796875,1481.828125,1075.28125,1988.328125,882.234375,1267.859375,1093.03125,844.296875,393.75,393.40625,358.109375,232.2775,1934.5625,3077.75,467.22,5436.405,1306.305,87.10000000000001,609.635,1219.2050000000002,1158.755,5944.12,16380.78,23900.175000000003,18513.495,10289.565,-2455.9275000000002,-3607.1100000000006,-30040.18875,-23832.315000000002,-23832.315000000002,107411.85,129145.786875,130230.92250000002,136576.8612,137721.36105,138874.02165,140034.48030000002,141203.46240000002,142380.24255000002,143565.3648,144758.82915000003,145960.6356,147170.60280000002,148389.09345000001,149616.2889,-61262.9316,-61832.3706,-62405.98065000001,-62983.580400000006,-63565.53255,-131978.18790000002,-133149.89025000003,-134329.57200000001,-135518.1399,-136714.68720000001,-137920.30200000003,-139134.07755000002,-140356.73925,-141588.10575000002,-142827.9957,-144076.95315000002,-145334.79675,-146601.34515,-147877.1424,-149161.82580000002,-11039.8626,-11141.055900000001,-11242.79325,-11345.6187,-11448.80685,-11552.90175,-11657.903400000001,-11763.449100000002,-11869.7202,-11976.898050000002,3784.9558500000007,3813.60915,3842.4438,3871.64115,3900.8385,3930.2172000000005,3959.9586,3989.7000000000003,4019.8041000000003,4049.9082000000008,4080.5563500000003,4111.204500000001,4141.85265,4173.04485,4204.237050000001,4235.791950000001,4267.528200000001,4299.264450000001,4331.363400000001,4363.82505,4396.286700000001,4428.929700000001,4462.11675,4495.12245,4528.490850000001,4562.22195,4595.95305,4630.2282000000005,4664.322000000001,4698.95985,4733.77905,4768.598250000001,4803.7801500000005,4839.324750000001,4875.050700000001,4910.9580000000005,4947.04665,4983.4980000000005,5019.949350000001,5056.944750000001
TTWElec,France,0.0,0.0,0.0,0.0,0.0,0.0,0.0,0.0,0.0,0.0,0.0,0.0,0.0,0.0,0.0,0.0,0.0,0.0,0.0,0.0,0.0,0.0,0.0,0.0,0.0,0.0,0.0,0.0,0.0,0.0,0.0,0.0,0.0,0.0,0.0,0.0,0.0,0.0,0.0,0.0,0.0,0.0,0.0,0.0,0.0,0.0,0.0,0.0,0.0,0.0,0.0,0.0,0.0,0.0,0.0,0.0,0.0,0.0,0.0,0.0,0.0,0.0,0.0,0.0,0.0,0.0,0.0,0.0,0.0,0.0,0.0,0.0,0.0,0.0,0.0,0.0,0.0,0.0,0.0,0.0,0.0,0.0,0.0,0.0,0.0,0.0,0.0,0.0,0.0,0.0,0.0,0.0,0.0,0.0,0.0,0.0,0.0,0.0,0.0,0.0,0.0,0.0,0.0,0.0,0.0,0.13,0.065,0.0975,0.2925,3.0225,55.185,110.8575,279.19124999999997,251.55,410.37750000000005,34552.87875,41547.63375,41900.045625,43945.09470000001,44316.680850000004,44690.987250000006,45068.013900000005,45447.398100000006,45829.6839,46214.5086,46602.053550000004,46992.500100000005,47385.485550000005,47781.19125,48179.61720000001,-1425.95505,-1449.3492,-1473.10605,-1496.8629,-1520.9824500000002,-1582.8228000000001,-1607.6677500000003,-1632.5127000000002,-1657.9017000000003,-1683.10935,-1708.6797000000001,-1734.6127500000002,-1760.5458,-1786.6602000000003,-1813.1373000000003,-1839.9771000000003,-1866.63555,-1893.83805,-1921.04055,-1948.7871000000002,-2726.0532000000003,-2760.5097,-2795.14755,-2830.32945,-2865.51135,-2901.0559500000004,-2936.9632500000002,-2973.0519,-3009.3219,-3046.1359500000003,-2744.7322500000005,-2779.1887500000003,-2813.64525,-2848.46445,-2883.8277000000003,-2919.0096000000003,-2954.9169,-2990.8242000000005,-3027.0942000000005,-3063.7269,-3100.54095,-3137.7177,-3175.0758,-3212.7966,-3250.69875,-3289.14495,-3327.7725,-3366.5814,-3405.7530000000006,-3445.4686500000003,-3485.0029500000005,-3525.26265,-3565.7037,-3606.50745,-3647.49255,-3688.8403500000004,-3730.732200000001,-3772.6240500000004,-3814.8786,-3857.6772000000005,-3900.4758000000006,-3943.9998,-3987.5238,-4031.5918500000007,-4075.84125,-4120.6347000000005,-4165.6095000000005,-4210.947,-4256.4658500000005,-4302.7101
TTWHydrogen,France,0.0,0.0,0.0,0.0,0.0,0.0,0.0,0.0,0.0,0.0,0.0,0.0,0.0,0.0,0.0,0.0,0.0,0.0,0.0,0.0,0.0,0.0,0.0,0.0,0.0,0.0,0.0,0.0,0.0,0.0,0.0,0.0,0.0,0.0,0.0,0.0,0.0,0.0,0.0,0.0,0.0,0.0,0.0,0.0,0.0,0.0,0.0,0.0,0.0,0.0,0.0,0.0,0.0,0.0,0.0,0.0,0.0,0.0,0.0,0.0,0.0,0.0,0.0,0.0,0.0,0.0,0.0,0.0,0.0,0.0,0.0,0.0,0.0,0.0,0.0,0.0,0.0,0.0,0.0,0.0,0.0,0.0,0.0,0.0,0.0,0.0,0.0,0.0,0.0,0.0,0.0,0.0,0.0,0.0,0.0,0.0,0.0,0.0,0.0,0.0,0.0,0.0,0.0,0.0,0.0,0.0,0.0,0.0,0.0,0.0,0.0,0.0,0.0,0.0,0.0,0.0,0.0,0.0,0.0,0.0,0.0,0.0,0.0,0.0,0.0,0.0,0.0,0.0,0.0,0.0,0.0,0.0,0.0,0.0,0.0,0.0,0.0,0.0,0.0,0.0,0.0,0.0,0.0,0.0,0.0,0.0,0.0,0.0,0.0,0.0,0.0,0.0,0.0,0.0,0.0,0.0,0.0,0.0,0.0,0.0,0.0,0.0,0.0,0.0,0.0,0.0,0.0,0.0,0.0,0.0,0.0,0.0,0.0,0.0,0.0,0.0,0.0,0.0,0.0,0.0,0.0,0.0,0.0,0.0,0.0,0.0,0.0,0.0,0.0,0.0,0.0,0.0,0.0,0.0,0.0,0.0,0.0,0.0,0.0,0.0
PLDVFossil,France,0.0,0.0,0.0,0.0,0.0,0.0,0.0,0.0,0.0,0.0,0.0,0.0,0.0,0.0,0.0,0.0,0.0,0.0,0.0,0.0,0.0,0.0,0.0,0.0,0.0,0.0,0.0,0.0,0.0,0.0,0.0,0.0,0.0,0.0,0.0,0.0,0.0,0.0,0.0,0.0,0.0,0.0,0.0,0.0,0.0,0.0,0.0,0.0,0.0,0.0,0.0,0.0,0.0,0.0,0.0,0.0,0.0,0.0,0.0,0.0,0.0,0.0,0.0,0.0,0.0,0.0,0.0,0.0,0.0,0.0,0.0,0.0,0.0,0.0,0.0,0.0,0.0,0.0,0.0,0.0,13476.40625,9907.5,10963.5625,14700.46875,6340.53125,28993.75,23613.875,38023.71875,21949.4375,28458.84375,26363.09375,22979.71875,16161.25,16468.3125,16195.8125,25640.68,55288.675,76419.395,32124.04,89987.88500000001,28080.0,59930.0,52260.0,44200.0,26000.0,40168.18,38999.22,-1365.585,38997.66,48720.75,48229.545000000006,8673.6,364973.60250000004,-99062.14500000002,-66558.0825,11523.6225,11419.81875,9024.60375,6813.3195,4158.355500000001,1418.8824000000002,-1406.9133000000002,-4321.9332,-7327.628100000001,-10425.811500000002,-13619.385,-16909.7994,-20300.681700000005,-23792.394600000003,-27388.9278,-129081.30300000001,-135955.9188,-143014.4235,-150259.7187,-157697.24490000002,-468490.5225,-485799.2919,-503534.59650000004,-521706.2292,-540322.1694,-559393.2981,-578927.5947,-598936.6656000001,-619429.5783,-640416.4884,-661907.9142,-683915.4621000001,-706448.5623000001,-729519.1839000001,-753138.5706000001,-37792.6146,-39428.028900000005,-41105.879100000006,-42825.8025,-44590.338,-46398.760200000004,-48253.2453,-50154.156,-52102.580400000006,-54099.9693,38374.748100000004,39231.44550000001,40105.5525,40997.7945,41907.4461,42835.9581,43782.967800000006,44749.200600000004,45735.38190000001,46740.78630000001,47766.8646,48813.6168,49881.0429,50970.23100000001,52081.18110000001,53214.61860000001,54370.5435,55549.681200000006,56752.0317,57979.0458,59229.998100000004,60506.33940000001,61807.70700000001,63135.189000000006,64489.148100000006,65869.94700000001,67277.94840000001,68713.87770000001,70178.4603,71672.0589,73195.3989,74748.1176,76332.02850000001,77947.13160000001,79594.1523,81273.45330000001,82985.76000000001,84732.16050000001,86512.2921,88327.60560000001
PLDVElec,France,0.0,0.0,0.0,0.0,0.0,0.0,0.0,0.0,0.0,0.0,0.0,0.0,0.0,0.0,0.0,0.0,0.0,0.0,0.0,0.0,0.0,0.0,0.0,0.0,0.0,0.0,0.0,0.0,0.0,0.0,0.0,0.0,0.0,0.0,0.0,0.0,0.0,0.0,0.0,0.0,0.0,0.0,0.0,0.0,0.0,0.0,0.0,0.0,0.0,0.0,0.0,0.0,0.0,0.0,0.0,0.0,0.0,0.0,0.0,0.0,0.0,0.0,0.0,0.0,0.0,0.0,0.0,0.0,0.0,0.0,0.0,0.0,0.0,0.0,0.0,0.0,0.0,0.0,0.0,0.0,0.0,0.0,0.0,0.0,0.0,0.0,0.0,0.0,0.0,0.0,0.0,0.0,0.0,0.0,0.0,0.0,0.0,0.0,0.0,0.0,0.0,0.0,0.0,0.0,0.0,1.82,0.78,0.585,2.34,29.25,520.455,1076.4,2815.6050000000005,2878.2,4950.5625,16899.1875,19842.131250000002,19842.131250000002,20635.816500000004,20635.816500000004,20635.816500000004,20635.816500000004,20636.179200000002,20635.816500000004,20635.816500000004,20635.816500000004,20635.816500000004,20635.816500000004,20636.179200000002,20635.816500000004,-2064.8511000000003,-2064.8511000000003,-2065.2138,-2064.8511000000003,-2064.8511000000003,-702.9126000000001,-702.9126000000001,-702.9126000000001,-702.5499000000001,-702.9126000000001,-702.9126000000001,-702.9126000000001,-702.9126000000001,-702.9126000000001,-702.9126000000001,-702.9126000000001,-702.9126000000001,-702.9126000000001,-702.5499000000001,-702.9126000000001,-2584.6002000000003,-2584.6002000000003,-2584.6002000000003,-2584.6002000000003,-2584.2375,-2584.6002000000003,-2584.6002000000003,-2584.6002000000003,-2584.2375,-2584.6002000000003,-2432.9916000000003,-2432.9916000000003,-2432.9916000000003,-2432.9916000000003,-2432.9916000000003,-2432.6289,-2432.9916000000003,-2432.9916000000003,-2432.9916000000003,-2432.9916000000003,-2432.9916000000003,-2432.9916000000003,-2432.6289,-2432.9916000000003,-2432.9916000000003,-2432.9916000000003,-2432.9916000000003,-2432.9916000000003,-2432.9916000000003,-2432.9916000000003,-2432.6289,-2432.9916000000003,-2432.9916000000003,-2432.9916000000003,-2432.9916000000003,-2432.9916000000003,-2432.9916000000003,-2432.6289,-2432.9916000000003,-2432.9916000000003,-2432.9916000000003,-2432.9916000000003,-2432.9916000000003,-2432.9916000000003,-2432.6289,-2432.9916000000003,-2432.9916000000003,-2432.9916000000003,-2432.9916000000003,-2432.9916000000003
PLDVPlugInHybrid,France,0.0,0.0,0.0,0.0,0.0,0.0,0.0,0.0,0.0,0.0,0.0,0.0,0.0,0.0,0.0,0.0,0.0,0.0,0.0,0.0,0.0,0.0,0.0,0.0,0.0,0.0,0.0,0.0,0.0,0.0,0.0,0.0,0.0,0.0,0.0,0.0,0.0,0.0,0.0,0.0,0.0,0.0,0.0,0.0,0.0,0.0,0.0,0.0,0.0,0.0,0.0,0.0,0.0,0.0,0.0,0.0,0.0,0.0,0.0,0.0,0.0,0.0,0.0,0.0,0.0,0.0,0.0,0.0,0.0,0.0,0.0,0.0,0.0,0.0,0.0,0.0,0.0,0.0,0.0,0.0,0.0,0.0,0.0,0.0,0.0,0.0,0.0,0.0,0.0,0.0,0.0,0.0,0.0,0.0,0.0,0.0,0.0,0.0,0.0,0.0,0.0,0.0,0.0,0.0,0.0,0.0,0.0,0.0,0.0,0.0,0.0,0.0,175.79250000000002,536.4449999999999,1645.02,3719.1375000000003,3920.2987500000004,3496.21875,4263.9012,4263.9012,4263.9012,4263.9012,4263.9012,4263.9012,4264.2639,4263.9012,4263.9012,4263.9012,4263.9012,4263.9012,-420.73199999999997,-420.36930000000007,-420.73199999999997,-420.36930000000007,-420.73199999999997,-3514.5630000000006,-3514.9257000000007,-3514.9257000000007,-3514.5630000000006,-3514.9257000000007,-3514.9257000000007,-3514.5630000000006,-3514.9257000000007,-3514.9257000000007,-3514.9257000000007,-3514.5630000000006,-3514.9257000000007,-3514.9257000000007,-3514.5630000000006,-3514.9257000000007,-98.2917,-97.92900000000002,-98.2917,-97.92900000000002,-98.2917,-97.92900000000002,-98.2917,-98.2917,-97.92900000000002,-98.2917,-92.4885,-92.1258,-92.4885,-92.4885,-92.1258,-92.4885,-92.4885,-92.4885,-92.1258,-92.4885,-92.4885,-92.1258,-92.4885,-92.4885,-92.1258,-92.4885,-92.4885,-92.4885,-92.1258,-92.4885,-92.4885,-92.1258,-92.4885,-92.4885,-92.4885,-92.1258,-92.4885,-92.4885,-92.1258,-92.4885,-92.4885,-92.4885,-92.1258,-92.4885,-92.4885,-92.1258,-92.4885,-92.4885,-92.4885,-92.1258
PLDVHydrogen,France,0.0,0.0,0.0,0.0,0.0,0.0,0.0,0.0,0.0,0.0,0.0,0.0,0.0,0.0,0.0,0.0,0.0,0.0,0.0,0.0,0.0,0.0,0.0,0.0,0.0,0.0,0.0,0.0,0.0,0.0,0.0,0.0,0.0,0.0,0.0,0.0,0.0,0.0,0.0,0.0,0.0,0.0,0.0,0.0,0.0,0.0,0.0,0.0,0.0,0.0,0.0,0.0,0.0,0.0,0.0,0.0,0.0,0.0,0.0,0.0,0.0,0.0,0.0,0.0,0.0,0.0,0.0,0.0,0.0,0.0,0.0,0.0,0.0,0.0,0.0,0.0,0.0,0.0,0.0,0.0,0.0,0.0,0.0,0.0,0.0,0.0,0.0,0.0,0.0,0.0,0.0,0.0,0.0,0.0,0.0,0.0,0.0,0.0,0.0,0.0,0.0,0.0,0.0,0.0,0.0,0.0,0.0,0.0,0.0,0.0,0.0,0.0,0.0,0.0,0.0,0.0,0.0,0.0,0.0,0.0,0.0,0.0,0.0,0.0,0.0,0.0,0.0,0.0,0.0,0.0,0.0,0.0,0.0,0.0,0.0,0.0,0.0,0.0,0.0,0.0,0.0,0.0,0.0,0.0,0.0,0.0,0.0,0.0,0.0,0.0,0.0,0.0,0.0,0.0,0.0,0.0,0.0,0.0,0.0,0.0,0.0,0.0,0.0,0.0,0.0,0.0,0.0,0.0,0.0,0.0,0.0,0.0,0.0,0.0,0.0,0.0,0.0,0.0,0.0,0.0,0.0,0.0,0.0,0.0,0.0,0.0,0.0,0.0,0.0,0.0,0.0,0.0,0.0,0.0,0.0,0.0,0.0,0.0,0.0,0.0
LCVFossil,France,0.0,0.0,0.0,0.0,0.0,0.0,0.0,0.0,0.0,0.0,0.0,0.0,0.0,0.0,0.0,0.0,0.0,0.0,0.0,0.0,0.0,0.0,0.0,0.0,0.0,0.0,0.0,0.0,0.0,0.0,0.0,0.0,0.0,0.0,0.0,0.0,0.0,0.0,0.0,0.0,0.0,0.0,0.0,0.0,0.0,0.0,0.0,0.0,0.0,0.0,0.0,0.0,0.0,0.0,0.0,0.0,0.0,0.0,0.0,0.0,0.0,0.0,0.0,0.0,0.0,0.0,0.0,0.0,0.0,0.0,0.0,0.0,0.0,-0.0,0.0,0.0,0.0,0.0,0.0,0.0,2083.9375,1326.96875,1514.875,2233.4375,540.15625,4982.4375,3855.4375,6589.0625,3394.5,4584.1875,4114.53125,3411.46875,2079.84375,2099.9375,2012.375,2636.5950000000003,7974.785,11660.415,3536.9100000000003,67938.065,2670.46,4205.24,4322.24,4043.52,2892.89,3047.98,3821.61,5379.8550000000005,3402.555,2823.9900000000002,-7720.83,-1487.2649999999999,4574.4075,24176.88,10070.482500000002,1768.455,3221.7525,4273.23375,5480.397000000001,6465.1275000000005,52500.46230000001,53346.64140000001,54206.24040000001,55078.8966,55965.33540000001,61771.437000000005,68840.09730000001,70250.6376,71687.655,73150.7868,68776.2621,70129.85850000002,71508.11850000001,72910.67940000001,74338.99200000001,129981.16170000001,132973.07400000002,136023.01830000003,139132.80810000002,142302.44340000002,145533.375,148827.05370000002,152184.2049,155606.2794,159093.6399,162648.46260000003,166271.83560000002,169963.75890000002,173727.1341,177561.96120000002,-24550.800300000003,-26317.149300000005,-28128.1104,-29984.7717,-31887.4959,-33837.371100000004,-35835.485400000005,-37883.289600000004,-39980.421,-42129.41850000001,-28681.9533,-30499.443,-32361.9075,-34270.4349,-36226.113300000005,-38229.305400000005,-40282.1874,-42383.671200000004,-44537.021100000005,-46741.8744,-48999.319200000005,-51311.169,-53677.423800000004,-56099.89710000001,-58579.67700000001,-61117.8516,-63715.14630000001,-66373.01190000001,-69093.26190000001,-71875.53360000001,-74722.72860000002,-77634.8469,-80614.4274,-83661.10740000001,-86777.78850000001,-89965.19610000002,-93224.0556,-96556.90590000001,-99964.1097,-103448.2059,-107009.91990000002,-110650.3398,-114372.0045,-118176.00210000001,-122063.7834,-126036.79920000001,-130097.58840000001,-134246.5137,-138485.75130000003,-142817.8401
LCVElec,France,0.0,0.0,0.0,0.0,0.0,0.0,0.0,0.0,0.0,0.0,0.0,0.0,0.0,0.0,0.0,0.0,0.0,0.0,0.0,0.0,0.0,0.0,0.0,0.0,0.0,0.0,0.0,0.0,0.0,0.0,0.0,0.0,0.0,0.0,0.0,0.0,0.0,0.0,0.0,0.0,0.0,0.0,0.0,0.0,0.0,0.0,0.0,0.0,0.0,0.0,0.0,0.0,0.0,0.0,0.0,0.0,0.0,0.0,0.0,0.0,0.0,0.0,0.0,0.0,0.0,0.0,0.0,0.0,0.0,0.0,0.0,0.0,0.0,-0.0,0.0,0.0,0.0,0.0,0.0,0.0,1.53125,0.90625,1.09375,1.625,0.28125,3.78125,2.875,5.0,2.53125,3.40625,3.0625,2.46875,1.46875,1.46875,1.375,1.7550000000000001,5.785,8.645,2.34,24.44,46.475,42.64,24.57,30.68,-8.19,-2.34,35.230000000000004,-101.01,60.644999999999996,-100.035,72.735,675.285,1482.0975,1120.275,1278.8100000000002,2776.1175000000003,3359.50875,3409.03125,3597.9840000000004,3650.9382000000005,3704.6178000000004,3758.6601,3813.7905000000005,3868.9209000000005,3924.7767000000003,3981.7206000000006,4038.6645000000008,4097.059200000001,4155.0912,4214.5740000000005,-361.24920000000003,-370.67940000000004,-379.74690000000004,-389.17710000000005,-398.97,180.98730000000003,180.26190000000003,179.1738,178.08570000000003,177.36030000000002,176.27220000000003,175.54680000000002,174.45870000000002,173.37060000000002,172.2825,171.19440000000003,170.1063,169.0182,167.56740000000002,166.842,5556.201300000001,5635.6326,5716.514700000001,5797.759500000001,5880.4551,5963.513400000001,6048.0225,6132.894300000001,6219.2169,6306.264900000001,3947.6268000000005,4000.2183000000005,4052.8098,4106.126700000001,4159.8063,4214.5740000000005,4269.7044000000005,4325.1975,4381.7787,4438.3599,4496.029200000001,4554.0612,4612.8186000000005,4672.3014,4732.146900000001,4792.7178,4854.0141,4916.035800000001,4978.4202000000005,5041.53,5105.727900000001,5169.925800000001,5235.574500000001,5301.2232,5367.96,5435.422200000001,5503.2471000000005,5572.1601,5641.798500000001,5711.7996,5782.888800000001,5854.340700000001,5926.880700000001,6000.146100000001,6074.1369,6148.8531,6224.2947,6300.461700000001,6377.7168,6455.6973
LCVPlugInHybrid,France,0.0,0.0,0.0,0.0,0.0,0.0,0.0,0.0,0.0,0.0,0.0,0.0,0.0,0.0,0.0,0.0,0.0,0.0,0.0,0.0,0.0,0.0,0.0,0.0,0.0,0.0,0.0,0.0,0.0,0.0,0.0,0.0,0.0,0.0,0.0,0.0,0.0,0.0,0.0,0.0,0.0,0.0,0.0,0.0,0.0,0.0,0.0,0.0,0.0,0.0,0.0,0.0,0.0,0.0,0.0,0.0,0.0,0.0,0.0,0.0,0.0,0.0,0.0,0.0,0.0,0.0,0.0,0.0,0.0,0.0,0.0,0.0,0.0,0.0,0.0,0.0,0.0,0.0,0.0,0.0,0.0,0.0,0.0,0.0,0.0,0.0,0.0,0.0,0.0,0.0,0.0,0.0,0.0,0.0,0.0,0.0,0.0,0.0,0.0,0.0,0.0,0.0,0.0,0.0,0.0,0.0,0.0,0.0,0.0,0.0,0.0,0.0,0.0,0.0,0.0,757.2825,916.515,930.11625,981.8289000000001,996.3369,1010.8449000000002,1026.0783000000001,1041.3117000000002,1056.1824000000001,1071.7785000000001,1087.3746,1103.3334,1118.9295000000002,1135.251,1151.5725,-86.68530000000001,-88.8615,-90.675,-93.21390000000001,-95.3901,43.161300000000004,43.161300000000004,42.79860000000001,42.79860000000001,42.435900000000004,42.07320000000001,42.07320000000001,41.7105,41.7105,40.9851,41.34780000000001,40.622400000000006,40.2597,40.2597,39.897000000000006,1330.3836000000001,1349.6067,1368.8298000000002,1388.0529000000001,1408.3641,1427.9499,1447.8984000000003,1468.5723,1489.2462000000003,1509.9201,945.5589000000001,957.5280000000001,970.5852000000001,983.2797,995.9742000000001,1009.0314000000001,1022.4513000000001,1035.8712,1048.9284,1063.0737,1076.4936000000002,1090.2762,1104.7842,1118.5668000000003,1133.0748,1147.5828000000001,1162.4535,1176.9615000000001,1192.1949000000002,1207.0656000000001,1222.6617,1237.8951000000002,1253.4912000000002,1269.45,1285.4088000000002,1301.3676,1318.0518000000002,1334.0106,1351.0575000000001,1367.7417,1384.4259000000002,1401.8355000000001,1419.2451,1436.6547,1454.4270000000001,1472.5620000000001,1490.3343000000002,1508.4693000000002,1527.3297,1545.8274000000001
LCVHydrogen,France,0.0,0.0,0.0,0.0,0.0,0.0,0.0,0.0,0.0,0.0,0.0,0.0,0.0,0.0,0.0,0.0,0.0,0.0,0.0,0.0,0.0,0.0,0.0,0.0,0.0,0.0,0.0,0.0,0.0,0.0,0.0,0.0,0.0,0.0,0.0,0.0,0.0,0.0,0.0,0.0,0.0,0.0,0.0,0.0,0.0,0.0,0.0,0.0,0.0,0.0,0.0,0.0,0.0,0.0,0.0,0.0,0.0,0.0,0.0,0.0,0.0,0.0,0.0,0.0,0.0,0.0,0.0,0.0,0.0,0.0,0.0,0.0,0.0,0.0,0.0,0.0,0.0,0.0,0.0,0.0,0.0,0.0,0.0,0.0,0.0,0.0,0.0,0.0,0.0,0.0,0.0,0.0,0.0,0.0,0.0,0.0,0.0,0.0,0.0,0.0,0.0,0.0,0.0,0.0,0.0,0.0,0.0,0.0,0.0,0.0,0.0,0.0,0.0,0.0,0.0,0.0,0.0,0.0,0.0,0.0,0.0,0.0,0.0,0.0,0.0,0.0,0.0,0.0,0.0,0.0,0.0,0.0,0.0,0.0,0.0,0.0,0.0,0.0,0.0,0.0,0.0,0.0,0.0,0.0,0.0,0.0,0.0,0.0,0.0,0.0,0.0,0.0,0.0,0.0,0.0,0.0,0.0,0.0,0.0,0.0,0.0,0.0,0.0,0.0,0.0,0.0,0.0,0.0,0.0,0.0,0.0,0.0,0.0,0.0,0.0,0.0,0.0,0.0,0.0,0.0,0.0,0.0,0.0,0.0,0.0,0.0,0.0,0.0,0.0,0.0,0.0,0.0,0.0,0.0,0.0,0.0,0.0,0.0,0.0,0.0
BusFossil,France,0.0,0.0,0.0,0.0,0.0,0.0,0.0,0.0,0.0,0.0,0.0,0.0,0.0,0.0,0.0,0.0,0.0,0.0,0.0,0.0,0.0,0.0,0.0,0.0,0.0,0.0,0.0,0.0,0.0,0.0,0.0,0.0,0.0,0.0,0.0,0.0,0.0,0.0,0.0,0.0,0.0,0.0,0.0,0.0,0.0,0.0,0.0,0.0,0.0,0.0,0.0,0.0,0.0,0.0,0.0,0.0,0.0,0.0,0.0,0.0,0.0,0.0,0.0,0.0,0.0,0.0,0.0,0.0,0.0,0.0,0.0,0.0,0.0,-0.0,0.0,0.0,0.0,0.0,0.0,0.0,57.4375,31.0,37.1875,61.25,3.5625,152.9375,113.875,204.125,96.3125,134.8125,118.1875,94.125,49.8125,50.0625,46.75,46.54,217.49,333.58,72.02,1091.22,246.61,-254.28,385.32,382.2,431.6,546.78,643.76,-292.5,-911.4300000000001,-1214.07,711.36,487.5,2846.61,1588.8600000000001,1249.5600000000002,945.36,1136.2275,1145.9925,1201.2624,1211.4180000000001,1221.5736000000002,1232.4546000000003,1241.8848,1252.0404,1262.9214000000002,1273.0770000000002,1283.2326,1294.1136000000001,1304.9946000000002,1315.8756,-1989.0468,-2011.5342000000003,-2032.5708000000002,-2055.7836,-2078.271,-4380.690600000001,-4426.390800000001,-4472.816400000001,-4518.5166,-4564.9422,-4611.3678,-4659.2442,-4707.1206,-4754.2716,-4802.8734,-4851.4752,-4900.8024000000005,-4950.1296,-4999.456800000001,-5050.234800000001,-367.05240000000003,-370.67940000000004,-375.03180000000003,-378.65880000000004,-383.01120000000003,-387.3636,-390.99060000000003,-395.343,-398.97,-404.0478,134.92440000000002,135.6498,136.3752,138.5514,138.5514,140.72760000000002,141.45300000000003,142.1784,143.62920000000003,145.08,146.53080000000003,147.2562,148.70700000000002,149.4324,151.6086,152.334,153.0594,155.2356,155.961,157.4118,158.86260000000001,160.3134,161.0388,162.48960000000002,163.9404,165.39120000000003,166.842,167.56740000000002,169.74360000000001,170.46900000000002,172.64520000000002,173.37060000000002,174.8214,176.27220000000003,177.723,179.1738,180.62460000000002,182.0754,183.52620000000002,184.977
BusElec,France,0.0,0.0,0.0,0.0,0.0,0.0,0.0,0.0,0.0,0.0,0.0,0.0,0.0,0.0,0.0,0.0,0.0,0.0,0.0,0.0,0.0,0.0,0.0,0.0,0.0,0.0,0.0,0.0,0.0,0.0,0.0,0.0,0.0,0.0,0.0,0.0,0.0,0.0,0.0,0.0,0.0,0.0,0.0,0.0,0.0,0.0,0.0,0.0,0.0,0.0,0.0,0.0,0.0,0.0,0.0,0.0,0.0,0.0,0.0,0.0,0.0,0.0,0.0,0.0,0.0,0.0,0.0,0.0,0.0,0.0,0.0,0.0,0.0,0.0,0.0,0.0,0.0,0.0,0.0,0.0,0.0625,0.0625,0.125,0.125,0.0,0.25,0.25,0.375,0.1875,0.25,0.1875,0.1875,0.125,0.0625,0.125,0.13,0.39,0.65,0.26,1.3,2.21,4.94,3.9000000000000004,3.9000000000000004,-0.52,-1.3,-1.56,-2.34,-3.9000000000000004,-4.290000000000001,-3.9000000000000004,7.02,47.97,23.985,29.25,157.365,190.41750000000002,193.90500000000003,205.28820000000002,208.18980000000002,211.0914,215.44380000000004,218.3454,221.97240000000005,224.87400000000002,229.2264,232.85340000000002,236.4804,239.38200000000003,244.45980000000003,6.528600000000001,6.528600000000001,5.8032,6.528600000000001,5.8032,29.741400000000002,30.466800000000003,30.466800000000003,30.466800000000003,30.466800000000003,31.192200000000003,31.192200000000003,31.917600000000004,31.192200000000003,32.643,31.917600000000004,32.643,33.3684,32.643,33.3684,-0.7254,-1.4508,-1.4508,-2.1762,-2.1762,-2.9016,-2.9016,-3.6270000000000002,-3.6270000000000002,-3.6270000000000002,-2.1762,-2.1762,-2.9016,-2.9016,-3.6270000000000002,-3.6270000000000002,-3.6270000000000002,-4.3524,-5.077800000000001,-5.077800000000001,-5.077800000000001,-5.8032,-6.528600000000001,-6.528600000000001,-6.528600000000001,-7.2540000000000004,-7.979400000000001,-7.979400000000001,-7.979400000000001,-9.430200000000001,-8.7048,-10.155600000000002,-10.155600000000002,-10.155600000000002,-10.881000000000002,-11.6064,-11.6064,-13.057200000000002,-12.331800000000001,-13.057200000000002,-13.782600000000002,-14.508000000000001,-14.508000000000001,-15.233400000000001,-15.958800000000002,-16.6842,-16.6842,-17.4096,-17.4096,-18.860400000000002
BusHydrogen,France,0.0,0.0,0.0,0.0,0.0,0.0,0.0,0.0,0.0,0.0,0.0,0.0,0.0,0.0,0.0,0.0,0.0,0.0,0.0,0.0,0.0,0.0,0.0,0.0,0.0,0.0,0.0,0.0,0.0,0.0,0.0,0.0,0.0,0.0,0.0,0.0,0.0,0.0,0.0,0.0,0.0,0.0,0.0,0.0,0.0,0.0,0.0,0.0,0.0,0.0,0.0,0.0,0.0,0.0,0.0,0.0,0.0,0.0,0.0,0.0,0.0,0.0,0.0,0.0,0.0,0.0,0.0,0.0,0.0,0.0,0.0,0.0,0.0,0.0,0.0,0.0,0.0,0.0,0.0,0.0,0.0,0.0,0.0,0.0,0.0,0.0,0.0,0.0,0.0,0.0,0.0,0.0,0.0,0.0,0.0,0.0,0.0,0.0,0.0,0.0,0.0,0.0,0.0,0.0,0.0,0.0,0.0,0.0,0.0,0.0,0.0,0.0,0.0,0.0,0.0,0.0,0.0,0.0,0.0,0.0,0.0,0.0,0.0,0.0,0.0,0.0,0.0,0.0,0.0,0.0,0.0,0.0,0.0,0.0,0.0,0.0,0.0,0.0,0.0,0.0,0.0,0.0,0.0,0.0,0.0,0.0,0.0,0.0,0.0,0.0,0.0,0.0,0.0,0.0,0.0,0.0,0.0,0.0,0.0,0.0,0.0,0.0,0.0,0.0,0.0,0.0,0.0,0.0,0.0,0.0,0.0,0.0,0.0,0.0,0.0,0.0,0.0,0.0,0.0,0.0,0.0,0.0,0.0,0.0,0.0,0.0,0.0,0.0,0.0,0.0,0.0,0.0,0.0,0.0,0.0,0.0,0.0,0.0,0.0,0.0
TruckFossil,France,0.0,0.0,0.0,0.0,0.0,0.0,0.0,0.0,0.0,0.0,0.0,0.0,0.0,0.0,0.0,0.0,0.0,0.0,0.0,0.0,0.0,0.0,0.0,0.0,0.0,0.0,0.0,0.0,0.0,0.0,0.0,0.0,0.0,0.0,0.0,0.0,0.0,0.0,0.0,0.0,0.0,0.0,0.0,0.0,0.0,0.0,0.0,0.0,0.0,0.0,0.0,0.0,0.0,0.0,0.0,0.0,0.0,0.0,0.0,0.0,0.0,0.0,0.0,0.0,0.0,0.0,0.0,0.0,0.0,0.0,0.0,0.0,0.0,-0.0,0.0,0.0,0.0,0.0,0.0,0.0,523.984375,312.734375,363.28125,559.453125,92.34375,1308.984375,995.546875,1737.5,860.46875,1180.390625,1048.28125,853.671875,490.46875,493.90625,468.28125,553.9625,1982.3375,2960.2625000000003,779.6750000000001,989.4625,3034.3625,4763.525000000001,3376.75,5828.55,3588.65,3434.6,3718.65,6987.337500000001,1160.25,11274.900000000001,-4002.8625,-5696.925,-4288.05,651.54375,-6047.4375,-18882.3375,-22851.84375,-23195.362500000003,-24482.25,-24846.7635,-25213.99725,-25585.764750000006,-25962.066000000003,-26341.0875,-26724.642750000003,-27112.73175,-27504.447750000003,-27899.790750000004,-28300.57425,-28704.078,2924.26875,2957.8185000000003,2989.5547500000002,3022.1977500000003,3054.8407500000003,6246.6007500000005,6324.58125,6402.561750000001,6481.449000000001,6561.243,6641.94375,6723.55125,6806.065500000001,6888.579750000001,6972.9075,7057.2352500000015,7143.376500000001,7229.517750000001,7317.4725,7404.5205000000005,-3288.7822499999997,-3349.5345000000007,-3410.28675,-3471.039,-3532.6980000000003,-3595.26375,-3658.73625,-3723.1155000000003,-3787.49475,-3852.7807500000004,-3165.4642500000004,-3220.776,-3278.8080000000004,-3335.9332500000005,-3394.8720000000008,-3453.8107500000006,-3512.7495000000004,-3573.5017500000004,-3634.2540000000004,-3695.9130000000005,-3758.47875,-3821.0445000000004,-3884.5170000000007,-3949.8030000000003,-4014.18225,-4080.375,-4146.56775,-4213.66725,-4282.58025,-4350.5865,-4419.499500000001,-4491.132750000001,-4560.9525,-4633.4925,-4705.12575,-4779.47925,-4852.926,-4928.18625,-5003.4465,-5080.5202500000005,-5157.594,-5235.574500000001,-5314.46175,-5395.1625,-5474.9565,-5557.47075,-5639.0782500000005,-5722.499250000001,-5807.73375,-5892.061500000001
TruckElec,France,0.0,0.0,0.0,0.0,0.0,0.0,0.0,0.0,0.0,0.0,0.0,0.0,0.0,0.0,0.0,0.0,0.0,0.0,0.0,0.0,0.0,0.0,0.0,0.0,0.0,0.0,0.0,0.0,0.0,0.0,0.0,0.0,0.0,0.0,0.0,0.0,0.0,0.0,0.0,0.0,0.0,0.0,0.0,0.0,0.0,0.0,0.0,0.0,0.0,0.0,0.0,0.0,0.0,0.0,0.0,0.0,0.0,0.0,0.0,0.0,0.0,0.0,0.0,0.0,0.0,0.0,0.0,0.0,0.0,0.0,0.0,0.0,0.0,0.0,0.0,0.0,0.0,0.0,0.0,0.0,0.0,0.0,0.0,0.0,0.0,0.0,0.0,0.0,0.0,0.0,0.0,0.0,0.0,0.0,0.0,0.0,0.0,0.0,0.0,0.0,0.0,0.0,0.0,0.0,0.0,0.0,0.0,0.0,0.0,0.0,0.0,0.0,0.0,0.0,0.0,196.70625,238.89375,241.50937499999998,253.89000000000001,258.42375,262.05075000000005,264.7710000000001,269.30475000000007,272.02500000000003,276.55875000000003,279.279,283.81275,287.43975000000006,291.06675,295.6005,-24.482250000000004,-25.389000000000003,-25.389000000000003,-26.295749999999998,-27.2025,9.0675,9.0675,9.0675,8.16075,9.0675,8.16075,9.0675,8.16075,8.16075,9.0675,8.16075,8.16075,8.16075,7.2540000000000004,8.16075,337.31100000000004,341.84475000000003,345.47175000000004,350.91225000000003,355.446,359.97975,365.42025,369.0472500000001,374.48775,379.0215,235.755,238.47525000000002,241.19550000000004,244.82250000000002,246.636,250.26300000000003,253.89000000000001,256.61025,259.33050000000003,262.9575,265.67775,269.30475000000007,272.02500000000003,275.65200000000004,279.279,281.99925,285.62625,289.25325000000004,291.97350000000006,296.50725000000006,299.2275,302.85450000000003,306.48150000000004,310.10850000000005,313.7355,317.3625,320.9895,325.52325,328.24350000000004,332.77725000000004,336.40425000000005,340.03125,344.565,348.19200000000006,351.819,356.35275,360.8865,364.5135,368.14050000000003,372.67425000000003
TruckHydrogen,France,0.0,0.0,0.0,0.0,0.0,0.0,0.0,0.0,0.0,0.0,0.0,0.0,0.0,0.0,0.0,0.0,0.0,0.0,0.0,0.0,0.0,0.0,0.0,0.0,0.0,0.0,0.0,0.0,0.0,0.0,0.0,0.0,0.0,0.0,0.0,0.0,0.0,0.0,0.0,0.0,0.0,0.0,0.0,0.0,0.0,0.0,0.0,0.0,0.0,0.0,0.0,0.0,0.0,0.0,0.0,0.0,0.0,0.0,0.0,0.0,0.0,0.0,0.0,0.0,0.0,0.0,0.0,0.0,0.0,0.0,0.0,0.0,0.0,0.0,0.0,0.0,0.0,0.0,0.0,0.0,0.0,0.0,0.0,0.0,0.0,0.0,0.0,0.0,0.0,0.0,0.0,0.0,0.0,0.0,0.0,0.0,0.0,0.0,0.0,0.0,0.0,0.0,0.0,0.0,0.0,0.0,0.0,0.0,0.0,0.0,0.0,0.0,0.0,0.0,0.0,0.0,0.0,0.0,0.0,0.0,0.0,0.0,0.0,0.0,0.0,0.0,0.0,0.0,0.0,0.0,0.0,0.0,0.0,0.0,0.0,0.0,0.0,0.0,0.0,0.0,0.0,0.0,0.0,0.0,0.0,0.0,0.0,0.0,0.0,0.0,0.0,0.0,0.0,0.0,0.0,0.0,0.0,0.0,0.0,0.0,0.0,0.0,0.0,0.0,0.0,0.0,0.0,0.0,0.0,0.0,0.0,0.0,0.0,0.0,0.0,0.0,0.0,0.0,0.0,0.0,0.0,0.0,0.0,0.0,0.0,0.0,0.0,0.0,0.0,0.0,0.0,0.0,0.0,0.0,0.0,0.0,0.0,0.0,0.0,0.0
TTWFossil,World,0.0,0.0,0.0,0.0,0.0,0.0,0.0,0.0,0.0,0.0,0.0,0.0,0.0,0.0,0.0,0.0,0.0,0.0,0.0,0.0,0.0,0.0,0.0,0.0,0.0,0.0,0.0,0.0,0.0,0.0,0.0,0.0,0.0,0.0,0.0,0.0,0.0,0.0,0.0,0.0,0.0,0.0,0.0,0.0,0.0,0.0,0.0,0.0,0.0,0.0,0.0,0.0,0.0,0.0,0.0,0.0,0.0,0.0,0.0,0.0,0.0,0.0,0.0,0.0,0.0,0.0,0.0,0.0,0.0,0.0,0.0,0.0,0.0,0.0,0.0,0.0,0.0,0.0,0.0,0.0,0.0,0.0,0.0,0.0,0.0,120470.915625,121030.603125,121600.74375,122180.84999999999,122770.48125,127711.3125,128330.325,128958.3375,129594.965625,130239.90937499999,178613.68125,299040.28125,300413.96875,301809.734375,372538.03125,-603692.515625,-757564.1875,279407.59375,-359576.796875,30032.796875,552744.890625,745703.21875,465875.28125,206651.484375,615776.90625,754075.375,492608.5,-1748039.9375,-1282088.9375,-1391594.875,1309649.5999999999,1319668.1749999998,1329754.2125,1339908.15,1350130.4249999998,412914.94999999995,415208.76249999995,417515.26249999995,419834.8,422167.1125,-1645809.9,-1661114.7874999999,-1676531.15,-1692059.5125,-1707700.575,-497190.05,-502574.44999999995,-507999.88749999995,-513466.5375,-518975.01249999995,-992397.9624999999,-1001999.075,-1011671.0624999999,-1021414.0125,-1031228.7124999999,-1556419.6375,-1570803.325,-1585291.3125,-1599884.2999999998,-1614582.8125,-1470455.1749999998,-1483999.825,-1497642.5625,-1511383.9124999999,-1525224.75,-1148647.5,-1159322.5,-1170074.9375,-1180905.4249999998,-1191814.4,-1467274.4625,-1480626.4375,-1494074.6624999999,-1507619.75,-1521262.2249999999,-2089137.1375,-2107772.3625,-2126540.675,-2145443.3,-2164480.9375,-1879174.7625,-1895844.9124999999,-1912633.9749999999,-1929542.825,-1946572.1624999999,-535341.1875,-540204.7875,-545103.3875,-550037.25,-555006.6375,-331089.14999999997,-334137.64999999997,-337208.19999999995,-340300.8,-343415.88749999995,-240118.28749999998,-242350.41249999998,-244598.55,-246863.05,-249144.0875,-136208.7125,-137516.13749999998,-138833.09999999998,-140159.775,-141496.16249999998,-93598.1375,-94523.1875,-95455.0625,-96393.7625,-97339.54999999999,-59902.587499999994,-60525.85,-61153.575,-61786.2875,-62423.462499999994
TTWElec,World,0.0,0.0,0.0,0.0,0.0,0.0,0.0,0.0,0.0,0.0,0.0,0.0,0.0,0.0,0.0,0.0,0.0,0.0,0.0,0.0,0.0,0.0,0.0,0.0,0.0,0.0,0.0,0.0,0.0,0.0,0.0,0.0,0.0,0.0,0.0,0.0,0.0,0.0,0.0,0.0,0.0,0.0,0.0,0.0,0.0,0.0,0.0,0.0,0.0,0.0,0.0,0.0,0.0,0.0,0.0,0.0,0.0,0.0,0.0,0.0,0.0,0.0,0.0,0.0,0.0,0.0,0.0,0.0,0.0,0.0,0.0,0.0,0.0,0.0,0.0,0.0,0.0,0.0,0.0,0.0,0.0,0.0,0.0,0.0,0.0,1698.8625,1702.5562499999999,1706.56875,1710.88125,1715.45625,-141.403125,-141.365625,-141.375,-141.421875,-141.496875,137.9625,231.171875,232.4375,233.6875,1230.890625,32889.5625,26505.84375,30954.328125,23077.890625,25745.84375,110500.3125,121643.421875,117757.1875,107626.90625,129415.59375,292107.75,271830.625,108846.9375,120103.875,93041.125,381531.4125,384685.26249999995,387861.07499999995,391059.02499999997,394279.19999999995,3058614.8249999997,3084534.3375,3110636.1125,3136921.2874999996,3163390.9124999996,5406236.85,5451987.1875,5498058.7375,5544453.774999999,5591174.3125,6066864.5625,6117907.074999999,6169307.199999999,6221067.3,6273189.5625,7587201.824999999,7650864.024999999,7714971.687499999,7779527.524999999,7844534.6,10395022.924999999,10482276.524999999,10570140.4375,10658618.774999999,10747715.299999999,13194911.1,13305537.7875,13416937.8875,13529116.212499999,13642077.924999999,11898210.0125,11996739.5625,12095954.325,12195858.587499999,12296456.899999999,13882180.899999999,13997002.424999999,14112621.862499999,14229044.462499999,14346275.212499999,16954174.65,17094585.724999998,17235972.8625,17378342.537499998,17521700.875,18362501.15,18513894.612499997,18666338.599999998,18819839.7625,18974404.662499998,6380587.2375,6426538.649999999,6472790.1875,6519343.6,6566200.725,4092252.675,4117779.6624999996,4143460.8249999997,4169296.6874999995,4195288.3,3657944.675,3679337.1125,3700853.1874999995,3722493.775,3744259.4,2786434.6125,2799894.3,2813420.4875,2827013.6125,2840674.025,1946161.3499999999,1952008.9749999999,1957868.5875,1963740.0125,1969623.2499999998,1202977.5625,1202111.9249999998,1201209.8875,1200271.1875,1199295.5625
TTWHydrogen,World,0.0,0.0,0.0,0.0,0.0,0.0,0.0,0.0,0.0,0.0,0.0,0.0,0.0,0.0,0.0,0.0,0.0,0.0,0.0,0.0,0.0,0.0,0.0,0.0,0.0,0.0,0.0,0.0,0.0,0.0,0.0,0.0,0.0,0.0,0.0,0.0,0.0,0.0,0.0,0.0,0.0,0.0,0.0,0.0,0.0,0.0,0.0,0.0,0.0,0.0,0.0,0.0,0.0,0.0,0.0,0.0,0.0,0.0,0.0,0.0,0.0,0.0,0.0,0.0,0.0,0.0,0.0,0.0,0.0,0.0,0.0,0.0,0.0,0.0,0.0,0.0,0.0,0.0,0.0,0.0,0.0,0.0,0.0,0.0,0.0,0.0,0.0,0.0,0.0,0.0,0.0,0.0,0.0,0.0,0.0,0.0,0.0,0.0,0.0,0.0,0.0,0.0,0.0,0.0,0.0,0.0,0.0,0.0,0.0,0.0,0.0,0.0,0.0,0.0,0.0,6775.825,6833.3125,6891.325,6949.599999999999,7008.487499999999,24495.8,24703.7875,24913.262499999997,25124.137499999997,25336.5,85805.2125,86534.61249999999,87269.2625,88008.98749999999,88753.9625,162280.65,163658.425,165045.82499999998,166442.84999999998,167849.84999999998,286944.7875,289379.7375,291831.925,294301.175,296787.925,458649.8,462539.69999999995,466456.89999999997,470401.57499999995,474373.9875,635467.7875,640847.5499999999,646265.1124999999,651720.6499999999,657214.3374999999,806713.25,813525.2999999999,820385.125,827292.8999999999,834249.1499999999,1130932.3375,1140488.2999999998,1150111.2874999999,1159801.5625,1169559.9124999999,1447096.1749999998,1459308.375,1471605.8875,1483989.6749999998,1496460.0,1728890.275,1743442.1375,1758095.7625,1772851.8499999999,1787711.0999999999,1080571.8875,1089366.075,1098220.8125,1107136.7125,1116114.0374999999,1000445.6874999999,1008461.6499999999,1016532.5624999999,1024658.8624999999,1032840.8124999999,1066504.3375,1075020.275,1083594.575,1092227.4124999999,1100919.4,1123706.7625,1132640.5125,1141635.25,1150691.4124999999,1159809.3499999999,1259740.0374999999,1269776.9874999998,1279882.625,1290057.125,1300301.1875,1439045.4749999999,1450555.75,1462144.8624999998,1473813.25,1485561.6124999998
PLDVFossil,World,0.0,0.0,0.0,0.0,0.0,0.0,0.0,0.0,0.0,0.0,0.0,0.0,0.0,0.0,0.0,0.0,0.0,0.0,0.0,0.0,0.0,0.0,0.0,0.0,0.0,0.0,0.0,0.0,0.0,0.0,0.0,0.0,0.0,0.0,0.0,0.0,0.0,0.0,0.0,0.0,0.0,0.0,0.0,0.0,0.0,0.0,0.0,0.0,0.0,0.0,0.0,0.0,0.0,0.0,0.0,0.0,0.0,0.0,0.0,0.0,0.0,0.0,0.0,0.0,0.0,0.0,0.0,0.0,0.0,0.0,0.0,0.0,0.0,0.0,0.0,0.0,0.0,0.0,0.0,0.0,0.0,0.0,0.0,0.0,0.0,330463.95,339015.20625,347768.83125,356728.25625,365896.875,383525.2875,393374.02499999997,403450.06875,413757.43124999997,424300.2375,531562.63125,909280.28125,933171.59375,957621.53125,704085.9375,632893.09375,1319052.65625,1654543.4375,1838882.53125,1783942.1875,1224587.28125,1108983.09375,1687622.34375,248775.1875,2278242.03125,7580855.5,1110503.5,13280668.625,-1505734.25,-1429005.5,7444853.85,7618143.574999999,7795031.475,7975587.55,8159883.374999999,4608085.649999999,4683181.824999999,4759499.85,4837059.5,4915880.725,-3451856.0999999996,-3634504.8249999997,-3822019.425,-4014507.525,-4212078.675,777445.0249999999,731666.075,684266.1,635206.075,584445.225,-1650970.2999999998,-1773488.325,-1899432.4999999998,-2028880.525,-2161910.625,-4912675.774999999,-5134821.475,-5362710.85,-5596469.199999999,-5836224.274999999,-2750801.375,-2898816.55,-3050786.1999999997,-3206798.3499999996,-3366941.55,-3570244.125,-3740141.9999999995,-3914478.4,-4093350.4499999997,-4276857.55,-5973616.25,-6213850.649999999,-6460134.8,-6712599.6,-6971377.699999999,-10570895.649999999,-10946930.75,-11332137.6,-11726711.325,-12130850.2,-10636786.649999999,-11001030.424999999,-11374061.299999999,-11756065.125,-12147231.075,-2840415.375,-2947065.0999999996,-3056354.6999999997,-3168340.3499999996,-3283079.9749999996,-1747866.4,-1816630.375,-1887116.525,-1959362.4749999999,-2033405.325,-1307030.375,-1359708.1749999998,-1413713.3499999999,-1469074.075,-1525820.45,-658991.8999999999,-689685.6749999999,-721177.7999999999,-753485.95,-786627.7999999999,-393425.19999999995,-414936.19999999995,-437023.82499999995,-459700.32499999995,-482978.82499999995,-153478.15,-166954.9,-180815.25,-195067.94999999998,-209722.44999999998
PLDVElec,World,0.0,0.0,0.0,0.0,0.0,0.0,0.0,0.0,0.0,0.0,0.0,0.0,0.0,0.0,0.0,0.0,0.0,0.0,0.0,0.0,0.0,0.0,0.0,0.0,0.0,0.0,0.0,0.0,0.0,0.0,0.0,0.0,0.0,0.0,0.0,0.0,0.0,0.0,0.0,0.0,0.0,0.0,0.0,0.0,0.0,0.0,0.0,0.0,0.0,0.0,0.0,0.0,0.0,0.0,0.0,0.0,0.0,0.0,0.0,0.0,0.0,0.0,0.0,0.0,0.0,0.0,0.0,0.0,0.0,0.0,0.0,0.0,0.0,0.0,0.0,0.0,0.0,0.0,0.0,0.0,0.0,0.0,0.0,0.0,0.0,700.18125,698.2125,696.375,694.70625,693.15,-66.13125,-65.77499999999999,-65.475,-65.15625,-64.875,47.8125,79.78125,79.84375,79.96875,80.0625,13711.125,13693.53125,13677.28125,13662.3125,13648.53125,52272.4375,50321.9375,50082.375,49523.21875,49646.9375,130192.5,127614.25,125897.0,117684.875,115422.0,234390.97499999998,181578.425,181578.25,181578.25,181578.425,1500599.625,1500599.625,1500599.625,1500599.625,1500599.625,2575993.0,2575993.0,2575993.0,2575992.8249999997,2575993.0,2779605.15,2779605.15,2779604.9749999996,2779605.15,2779605.15,3366194.125,3366194.125,3366194.125,3366194.125,3366193.9499999997,4497235.925,4497235.925,4497235.925,4497235.75,4497235.925,7074519.375,7074519.375,7074519.199999999,7074519.375,7074519.199999999,5082049.699999999,5082049.699999999,5082049.699999999,5082049.699999999,5082049.699999999,5761583.274999999,5761583.274999999,5761583.449999999,5761583.274999999,5761583.274999999,6877060.925,6877060.75,6877060.925,6877060.75,6877060.925,7182406.175,7182406.35,7182406.35,7182406.175,7182406.35,1712328.275,1712328.45,1712328.45,1712328.275,1712328.45,653867.375,653867.2,653867.375,653867.2,653867.375,422376.14999999997,422376.32499999995,422376.14999999997,422376.32499999995,422376.14999999997,28560.524999999998,28560.35,28560.524999999998,28560.35,28560.524999999998,-328649.125,-328649.125,-328649.125,-328649.125,-328649.125,-625922.6749999999,-625922.5,-625922.6749999999,-625922.5,-625922.5
PLDVPlugInHybrid,World,0.0,0.0,0.0,0.0,0.0,0.0,0.0,0.0,0.0,0.0,0.0,0.0,0.0,0.0,0.0,0.0,0.0,0.0,0.0,0.0,0.0,0.0,0.0,0.0,0.0,0.0,0.0,0.0,0.0,0.0,0.0,0.0,0.0,0.0,0.0,0.0,0.0,0.0,0.0,0.0,0.0,0.0,0.0,0.0,0.0,0.0,0.0,0.0,0.0,0.0,0.0,0.0,0.0,0.0,0.0,0.0,0.0,0.0,0.0,0.0,0.0,0.0,0.0,0.0,0.0,0.0,0.0,0.0,0.0,0.0,0.0,0.0,0.0,0.0,0.0,0.0,0.0,0.0,0.0,0.0,0.0,0.0,0.0,0.0,0.0,148.04999999999998,150.65625,153.31875,156.0375,158.8125,-6.8999999999999995,-7.05,-7.199999999999999,-7.35,-7.5375,18.61875,31.53125,32.09375,32.59375,33.1875,3388.34375,3452.59375,3518.03125,3584.75,3652.65625,13083.4375,13334.15625,13589.40625,13849.1875,14113.59375,40381.625,41142.0,36709.875,21816.5,-13206.5,3024.35,942.3749999999999,840.6999999999999,36981.875,36981.875,305625.425,305625.425,305625.425,305625.6,305625.425,524649.65,524649.65,524649.65,524649.65,524649.65,566119.225,566119.0499999999,566119.0499999999,566119.225,566119.0499999999,685589.1,685588.9249999999,685589.1,685589.1,685589.1,915947.0249999999,915947.0249999999,915947.2,915947.0249999999,915947.0249999999,-2291293.55,-2291293.7249999996,-2291293.7249999996,-2291293.7249999996,-2291293.55,192976.34999999998,192976.525,192976.34999999998,192976.525,192976.34999999998,218779.925,218779.75,218779.75,218779.925,218779.75,261136.925,261136.925,261136.925,261136.925,261136.925,272731.375,272731.55,272731.55,272731.55,272731.55,65020.899999999994,65020.725,65020.899999999994,65020.725,65020.899999999994,24828.649999999998,24828.824999999997,24828.824999999997,24828.649999999998,24828.824999999997,16038.574999999999,16038.574999999999,16038.4,16038.574999999999,16038.574999999999,1084.475,1084.475,1084.475,1084.6499999999999,1084.475,-12479.599999999999,-12479.425,-12479.599999999999,-12479.425,-12479.599999999999,-23767.625,-23767.625,-23767.625,-23767.625,-23767.625
PLDVHydrogen,World,0.0,0.0,0.0,0.0,0.0,0.0,0.0,0.0,0.0,0.0,0.0,0.0,0.0,0.0,0.0,0.0,0.0,0.0,0.0,0.0,0.0,0.0,0.0,0.0,0.0,0.0,0.0,0.0,0.0,0.0,0.0,0.0,0.0,0.0,0.0,0.0,0.0,0.0,0.0,0.0,0.0,0.0,0.0,0.0,0.0,0.0,0.0,0.0,0.0,0.0,0.0,0.0,0.0,0.0,0.0,0.0,0.0,0.0,0.0,0.0,0.0,0.0,0.0,0.0,0.0,0.0,0.0,0.0,0.0,0.0,0.0,0.0,0.0,0.0,0.0,0.0,0.0,0.0,0.0,0.0,0.0,0.0,0.0,0.0,0.0,0.0,0.0,0.0,0.0,0.0,0.0,0.0,0.0,0.0,0.0,0.0,0.0,0.0,0.0,0.0,0.0,0.0,0.0,0.0,0.0,0.0,0.0,0.0,0.0,0.0,0.0,0.0,0.0,0.0,0.0,1904.5249999999999,1904.35,1904.5249999999999,1904.5249999999999,1904.35,6700.224999999999,6700.224999999999,6700.224999999999,6700.224999999999,6700.224999999999,22931.824999999997,22931.824999999997,22931.824999999997,22931.824999999997,22931.824999999997,42123.549999999996,42123.375,42123.549999999996,42123.375,42123.549999999996,72500.4,72500.4,72500.575,72500.4,72500.4,112765.79999999999,112765.97499999999,112765.79999999999,112765.79999999999,112765.79999999999,151617.375,151617.375,151617.375,151617.19999999998,151617.375,186465.82499999998,186465.65,186465.65,186465.82499999998,186465.65,255092.07499999998,255091.9,255091.9,255091.9,255091.9,317160.725,317160.725,317160.725,317160.725,317160.55,367048.85,367048.675,367048.85,367048.675,367048.85,206715.775,206715.94999999998,206715.94999999998,206715.775,206715.94999999998,179620.34999999998,179620.34999999998,179620.34999999998,179620.34999999998,179620.34999999998,185025.925,185025.925,185025.925,185025.925,185025.925,187945.8,187945.625,187945.8,187945.8,187945.8,206416.875,206416.875,206416.875,206416.875,206416.875,231992.24999999997,231992.425,231992.425,231992.24999999997,231992.425
LCVFossil,World,0.0,0.0,0.0,0.0,0.0,0.0,0.0,0.0,0.0,0.0,0.0,0.0,0.0,0.0,0.0,0.0,0.0,0.0,0.0,0.0,0.0,0.0,0.0,0.0,0.0,0.0,0.0,0.0,0.0,0.0,0.0,0.0,0.0,0.0,0.0,0.0,0.0,0.0,0.0,0.0,0.0,0.0,0.0,0.0,0.0,0.0,0.0,0.0,0.0,0.0,0.0,0.0,0.0,0.0,0.0,0.0,0.0,0.0,0.0,0.0,0.0,0.0,0.0,0.0,0.0,0.0,0.0,0.0,0.0,0.0,0.0,0.0,0.0,0.0,0.0,0.0,0.0,0.0,0.0,0.0,0.0,0.0,0.0,0.0,0.0,256322.3625,260290.65,264337.9875,268463.7,272667.1875,148686.24375,150993.5625,153334.81875,155709.91874999998,158118.95625,212696.98124999998,360048.40625,365685.59375,371406.53125,2010760.59375,130601.46875,174918.34375,279235.4375,627620.09375,340925.9375,274899.75,337781.125,411643.65625,-367292.96875,-387782.34375,551599.125,1122705.5,1669595.5,1914955.75,970870.5,206302.775,248466.22499999998,288418.19999999995,326392.675,362594.75,2426066.4749999996,2466403.0999999996,2507379.875,2549005.7249999996,2591290.4499999997,1911300.4749999999,2178210.125,2218712.4749999996,2259921.3,2301847.9749999996,2729768.4749999996,2783918.7249999996,2839048.4499999997,2895174.625,2952314.5749999997,2664692.4499999997,2714261.9,2764696.025,2816009.175,2868215.6999999997,2218293.6999999997,2252714.0999999996,2287663.175,2323148.8,2359179.375,1627365.95,1643068.7,1658892.5499999998,1674838.375,1690906.0,569668.9249999999,554240.9249999999,538270.95,521747.975,504658.69999999995,-868412.825,-924495.4249999999,-981973.9999999999,-1040876.5499999999,-1101231.5999999999,-3001937.2249999996,-3116600.375,-3233878.7249999996,-3353823.375,-3476485.25,-5265710.8,-5440395.975,-5618930.625,-5801388.425,-5987843.925,-6418652.274999999,-6620037.899999999,-6825793.625,-7036002.574999999,-7250748.399999999,-4636826.949999999,-4781840.524999999,-4929997.975,-5081358.975,-5235984.074999999,-2827025.425,-2916732.875,-3008393.15,-3102043.525,-3197721.625,-1464527.0499999998,-1513282.4,-1563113.125,-1614039.7,-1666083.4749999999,-985039.475,-1018891.6499999999,-1053496.8499999999,-1088869.075,-1125023.5499999998,-1451618.1749999998,-1497464.325,-1544307.45,-1592165.9249999998,-1641059.525
LCVElec,World,0.0,0.0,0.0,0.0,0.0,0.0,0.0,0.0,0.0,0.0,0.0,0.0,0.0,0.0,0.0,0.0,0.0,0.0,0.0,0.0,0.0,0.0,0.0,0.0,0.0,0.0,0.0,0.0,0.0,0.0,0.0,0.0,0.0,0.0,0.0,0.0,0.0,0.0,0.0,0.0,0.0,0.0,0.0,0.0,0.0,0.0,0.0,0.0,0.0,0.0,0.0,0.0,0.0,0.0,0.0,0.0,0.0,0.0,0.0,0.0,0.0,0.0,0.0,0.0,0.0,0.0,0.0,0.0,0.0,0.0,0.0,0.0,0.0,0.0,0.0,0.0,0.0,0.0,0.0,0.0,0.0,0.0,0.0,0.0,0.0,0.0,0.0,0.0,0.0,0.0,0.0,0.0,0.0,0.0,0.0,0.0,0.0,0.0,0.0,0.0,0.0,0.0,0.0,0.0,0.0,0.0,0.0,0.0,0.0,0.0,0.0,0.0,0.0,0.0,0.0,37794.049999999996,38361.924999999996,38935.75,39516.399999999994,40103.35,269005.45,273034.825,277109.69999999995,281230.25,285397.35,649280.45,658943.7749999999,668715.25,678596.45,688588.6,1050874.65,1066381.2249999999,1082061.4,1097916.925,1113949.375,1456431.5499999998,1477724.15,1499254.575,1521025.275,1543038.1749999998,2644516.3499999996,2683231.425,2722378.925,2761963.05,2801988.175,4712399.475,4781406.524999999,4851184.274999999,4921740.425,4993082.675,6604329.55,6700385.3,6797511.175,6895718.199999999,6995016.875,9147915.875,9280259.45,9414074.6,9549376.375,9686179.475,11955229.299999999,12127083.325,12300844.85,12476532.075,12654164.25,15114233.575,15330066.85,15548289.749999998,15768925.725,15991998.749999998,15608522.999999998,15827395.325,16048674.95,16272385.325,16498550.774999999,11510937.725,11663737.575,11818183.125,11974290.649999999,12132076.424999999,8167522.124999999,8266770.05,8367048.374999999,8468366.375,8570734.375,5755381.8,5816039.425,5877283.475,5939119.55,6001552.899999999,4436948.425,4476145.449999999,4515680.925,4555558.0,4595779.125,4312179.024999999,4348228.675,4384576.175,4421224.85,4458176.274999999
LCVPlugInHybrid,World,0.0,0.0,0.0,0.0,0.0,0.0,0.0,0.0,0.0,0.0,0.0,0.0,0.0,0.0,0.0,0.0,0.0,0.0,0.0,0.0,0.0,0.0,0.0,0.0,0.0,0.0,0.0,0.0,0.0,0.0,0.0,0.0,0.0,0.0,0.0,0.0,0.0,0.0,0.0,0.0,0.0,0.0,0.0,0.0,0.0,0.0,0.0,0.0,0.0,0.0,0.0,0.0,0.0,0.0,0.0,0.0,0.0,0.0,0.0,0.0,0.0,0.0,0.0,0.0,0.0,0.0,0.0,0.0,0.0,0.0,0.0,0.0,0.0,0.0,0.0,0.0,0.0,0.0,0.0,0.0,0.0,0.0,0.0,0.0,0.0,0.0,0.0,0.0,0.0,0.0,0.0,0.0,0.0,0.0,0.0,0.0,0.0,0.0,0.0,0.0,0.0,0.0,0.0,0.0,0.0,0.0,0.0,0.0,0.0,0.0,0.0,0.0,0.0,0.0,0.0,9049.775,9185.574999999999,9323.125,9462.074999999999,9602.775,64412.774999999994,65377.725,66353.34999999999,67340.0,68337.84999999999,155468.94999999998,157782.8,160122.55,162488.55,164881.32499999998,251629.87499999997,255342.84999999998,259097.47499999998,262894.1,266733.075,348739.64999999997,353838.1,358993.6,364206.5,369477.5,633224.375,642494.475,651868.35,661346.7,670930.575,1128374.7999999998,1144898.4749999999,1161606.775,1178501.0999999999,1195583.9,1581393.7999999998,1604394.2249999999,1627650.8499999999,1651166.2999999998,1674943.2,2190450.675,2222140.025,2254181.8249999997,2286579.5749999997,2319336.775,2862656.3,2903806.5,2945413.275,2987481.3499999996,3030014.925,3619073.8499999996,3670754.675,3723007.7499999995,3775838.4999999995,3829252.8749999995,3737430.3749999995,3789839.025,3842823.9499999997,3896390.925,3950545.9,2756271.6999999997,2792859.125,2829841.0,2867220.4749999996,2905002.0999999996,1955697.275,1979462.0999999999,2003473.325,2027733.9249999998,2052245.65,1378114.8499999999,1392639.325,1407304.15,1422110.5499999998,1437060.0999999999,1062418.7,1071804.3,1081271.0999999999,1090819.45,1100450.4,1032542.8749999999,1041174.7499999999,1049878.375,1058653.575,1067501.575
LCVHydrogen,World,0.0,0.0,0.0,0.0,0.0,0.0,0.0,0.0,0.0,0.0,0.0,0.0,0.0,0.0,0.0,0.0,0.0,0.0,0.0,0.0,0.0,0.0,0.0,0.0,0.0,0.0,0.0,0.0,0.0,0.0,0.0,0.0,0.0,0.0,0.0,0.0,0.0,0.0,0.0,0.0,0.0,0.0,0.0,0.0,0.0,0.0,0.0,0.0,0.0,0.0,0.0,0.0,0.0,0.0,0.0,0.0,0.0,0.0,0.0,0.0,0.0,0.0,0.0,0.0,0.0,0.0,0.0,0.0,0.0,0.0,0.0,0.0,0.0,0.0,0.0,0.0,0.0,0.0,0.0,0.0,0.0,0.0,0.0,0.0,0.0,0.0,0.0,0.0,0.0,0.0,0.0,0.0,0.0,0.0,0.0,0.0,0.0,0.0,0.0,0.0,0.0,0.0,0.0,0.0,0.0,0.0,0.0,0.0,0.0,0.0,0.0,0.0,0.0,0.0,0.0,3564.75,3618.1249999999995,3672.5499999999997,3727.1499999999996,3782.45,19280.625,19569.024999999998,19860.925,20156.149999999998,20454.35,76361.775,77502.075,78655.325,79821.34999999999,81000.5,136160.5,138176.675,140215.775,142277.625,144362.22499999998,232872.84999999998,236302.15,239770.12499999997,243276.59999999998,246822.09999999998,393987.125,399768.94999999995,405615.175,411526.675,417504.32499999995,566641.95,574902.475,583255.225,591700.8999999999,600240.725,853599.6,866005.875,878550.225,891234.3999999999,904059.2749999999,1264044.775,1282368.325,1300895.4,1319628.7999999998,1338570.0999999999,1618050.525,1641324.125,1664856.025,1688649.025,1712705.2249999999,1894597.5999999999,1921555.4749999999,1948811.3749999998,1976368.275,2004229.325,2187497.55,2218305.0749999997,2249452.0999999996,2280941.5999999996,2312777.5999999996,2428310.675,2462100.7249999996,2496261.5999999996,2530796.4499999997,2565709.4749999996,2456215.4749999996,2489720.625,2523590.65,2557828.875,2592438.9749999996,2523547.425,2557352.3499999996,2591522.5,2626061.7249999996,2660973.525,2775973.1999999997,2812838.6999999997,2850101.0999999996,2887764.5999999996,2925833.05,3112659.55,3153778.25,3195338.65,3237345.8249999997,3279803.4499999997
BusFossil,World,0.0,0.0,0.0,0.0,0.0,0.0,0.0,0.0,0.0,0.0,0.0,0.0,0.0,0.0,0.0,0.0,0.0,0.0,0.0,0.0,0.0,0.0,0.0,0.0,0.0,0.0,0.0,0.0,0.0,0.0,0.0,0.0,0.0,0.0,0.0,0.0,0.0,0.0,0.0,0.0,0.0,0.0,0.0,0.0,0.0,0.0,0.0,0.0,0.0,0.0,0.0,0.0,0.0,0.0,0.0,0.0,0.0,0.0,0.0,0.0,0.0,0.0,0.0,0.0,0.0,0.0,0.0,0.0,0.0,0.0,0.0,0.0,0.0,0.0,0.0,0.0,0.0,0.0,0.0,0.0,0.0,0.0,0.0,0.0,0.0,2929.2374999999997,2956.8375,2984.7,3012.975,3041.5499999999997,3167.8875,3197.775,3228.075,3258.5625,3289.4249999999997,4404.8625,7408.5,7476.1875,7544.8125,22447.8125,16696.75,3243.75,11392.6875,2484.0,1754.0,3021.3125,2364.1875,4186.5625,5180.875,3864.1875,38285.5,62556.75,54877.0,63078.75,44977.5,45036.6,45427.549999999996,45820.95,46217.85,46616.85,15492.749999999998,15585.15,15677.9,15771.349999999999,15864.8,-53165.7,-53756.5,-54351.5,-54951.75,-55556.2,-15081.499999999998,-15287.65,-15495.55,-15705.199999999999,-15916.949999999999,-31858.05,-32229.399999999998,-32602.85,-32979.45,-33358.85,-51122.75,-51680.649999999994,-52242.75,-52809.049999999996,-53380.25,-48576.5,-49102.899999999994,-49633.149999999994,-50167.6,-50705.899999999994,-37989.7,-38404.45,-38823.049999999996,-39244.45,-39669.35,-49105.35,-49625.799999999996,-50150.45,-50679.299999999996,-51211.299999999996,-70682.5,-71410.84999999999,-72144.45,-72884.34999999999,-73629.15,-63943.24999999999,-64595.99999999999,-65253.99999999999,-65916.2,-66583.65,-18145.399999999998,-18335.8,-18527.6,-18720.8,-18915.75,-11217.15,-11336.5,-11456.55,-11578.349999999999,-11700.15,-8141.7,-8228.85,-8317.4,-8406.3,-8495.55,-4588.15,-4639.25,-4690.7,-4742.849999999999,-4795.349999999999,-3134.95,-3171.0,-3207.3999999999996,-3244.1499999999996,-3281.6,-1978.8999999999999,-2003.3999999999999,-2028.2499999999998,-2052.75,-2077.95
BusElec,World,0.0,0.0,0.0,0.0,0.0,0.0,0.0,0.0,0.0,0.0,0.0,0.0,0.0,0.0,0.0,0.0,0.0,0.0,0.0,0.0,0.0,0.0,0.0,0.0,0.0,0.0,0.0,0.0,0.0,0.0,0.0,0.0,0.0,0.0,0.0,0.0,0.0,0.0,0.0,0.0,0.0,0.0,0.0,0.0,0.0,0.0,0.0,0.0,0.0,0.0,0.0,0.0,0.0,0.0,0.0,0.0,0.0,0.0,0.0,0.0,0.0,0.0,0.0,0.0,0.0,0.0,0.0,0.0,0.0,0.0,0.0,0.0,0.0,0.0,0.0,0.0,0.0,0.0,0.0,0.0,0.0,0.0,0.0,0.0,0.0,5.0625,5.1375,5.2124999999999995,5.25,5.325,-0.3,-0.3,-0.3,-0.33749999999999997,-0.3,0.5625,0.9375,0.9375,1.0,1.9375,119.375,121.375,123.8125,125.6875,123.9375,447.875,451.875,456.625,457.9375,437.1875,1285.75,1509.75,1585.0,1374.0,1381.0,1973.3,2004.1,2035.6,2066.75,2098.95,15424.499999999998,15676.499999999998,15931.999999999998,16190.65,16452.1,28010.149999999998,28464.8,28925.05,29390.899999999998,29862.699999999997,32568.199999999997,33088.299999999996,33614.7,34147.75,34687.45,41921.25,42584.5,43255.799999999996,43935.5,44623.25,58756.24999999999,59682.7,60620.7,61570.24999999999,62530.99999999999,105383.95,107060.09999999999,108756.9,110474.34999999999,112213.15,80223.15,81446.75,82685.4,83938.4,85207.15,95950.4,97406.04999999999,98878.84999999999,100369.5,101878.0,119585.54999999999,121397.84999999999,123231.84999999999,125087.9,126966.7,133482.65,135482.9,137506.94999999998,139555.15,141627.84999999998,57573.6,58272.549999999996,58978.85,59693.549999999996,60415.24999999999,43774.85,44225.299999999996,44680.649999999994,45140.549999999996,45604.649999999994,42115.149999999994,42523.25,42935.2,43351.0,43771.0,37177.7,37489.2,37803.85,38120.95,38440.85,32131.05,32346.3,32563.3,32781.7,33001.5,27471.149999999998,27598.55,27725.949999999997,27854.05,27982.149999999998
BusHydrogen,World,0.0,0.0,0.0,0.0,0.0,0.0,0.0,0.0,0.0,0.0,0.0,0.0,0.0,0.0,0.0,0.0,0.0,0.0,0.0,0.0,0.0,0.0,0.0,0.0,0.0,0.0,0.0,0.0,0.0,0.0,0.0,0.0,0.0,0.0,0.0,0.0,0.0,0.0,0.0,0.0,0.0,0.0,0.0,0.0,0.0,0.0,0.0,0.0,0.0,0.0,0.0,0.0,0.0,0.0,0.0,0.0,0.0,0.0,0.0,0.0,0.0,0.0,0.0,0.0,0.0,0.0,0.0,0.0,0.0,0.0,0.0,0.0,0.0,0.0,0.0,0.0,0.0,0.0,0.0,0.0,0.0,0.0,0.0,0.0,0.0,0.0,0.0,0.0,0.0,0.0,0.0,0.0,0.0,0.0,0.0,0.0,0.0,0.0,0.0,0.0,0.0,0.0,0.0,0.0,0.0,0.0,0.0,0.0,0.0,0.0,0.0,0.0,0.0,0.0,0.0,295.04999999999995,299.59999999999997,304.84999999999997,309.75,314.65,1093.75,1111.9499999999998,1129.8,1148.35,1166.8999999999999,3915.1,3979.1499999999996,4044.2499999999995,4110.05,4176.2,7606.549999999999,7729.749999999999,7855.4,7982.099999999999,8110.549999999999,13786.15,14009.099999999999,14234.849999999999,14463.749999999998,14695.449999999999,22588.649999999998,22952.649999999998,23320.85,23693.6,24070.899999999998,32153.1,32667.249999999996,33187.35,33713.75,34246.799999999996,41983.2,42648.2,43321.6,44002.35,44692.549999999996,60158.35,61109.299999999996,62071.1,63045.149999999994,64030.74999999999,78946.7,80186.4,81441.5,82711.65,83997.2,96955.25,98465.15,99992.9,101539.54999999999,103105.09999999999,65653.7,66612.34999999999,67582.2,68563.59999999999,69556.2,63687.399999999994,64590.399999999994,65503.549999999996,66428.25,67363.09999999999,69738.2,70718.9,71711.15,72714.59999999999,73730.29999999999,75561.84999999999,76614.29999999999,77679.34999999999,78756.29999999999,79846.2,86250.15,87452.75,88669.7,89900.65,91145.59999999999,100054.84999999999,101455.54999999999,102872.7,104305.95,105756.7
TruckFossil,World,0.0,0.0,0.0,0.0,0.0,0.0,0.0,0.0,0.0,0.0,0.0,0.0,0.0,0.0,0.0,0.0,0.0,0.0,0.0,0.0,0.0,0.0,0.0,0.0,0.0,0.0,0.0,0.0,0.0,0.0,0.0,0.0,0.0,0.0,0.0,0.0,0.0,0.0,0.0,0.0,0.0,0.0,0.0,0.0,0.0,0.0,0.0,0.0,0.0,0.0,0.0,0.0,0.0,0.0,0.0,0.0,0.0,0.0,0.0,0.0,0.0,0.0,0.0,0.0,0.0,0.0,0.0,0.0,0.0,0.0,0.0,0.0,0.0,0.0,0.0,0.0,0.0,0.0,0.0,0.0,0.0,0.0,0.0,0.0,0.0,12584.859375,12733.875,12885.84375,13040.765625,13198.59375,6960.796875,7047.515625,7135.453125,7224.421875,7314.46875,9980.671875,16841.40625,17051.09375,17263.4375,-3304.0625,24544.140625,24589.6875,26361.5625,-9865.0,21345.9375,13311.875,6472.734375,62288.90625,98412.03125,5329.921875,27980.625,221792.5,30690.625,121978.75,136842.5,115076.49999999999,116428.37499999999,117792.49999999999,119171.06249999999,120562.31249999999,139507.375,141170.3125,142848.5625,144543.875,146255.8125,92408.75,93383.0625,94365.25,95357.5,96358.9375,122370.93749999999,123738.12499999999,125118.43749999999,126511.87499999999,127918.43749999999,110846.3125,112023.625,113211.4375,114410.1875,115620.31249999999,82719.0,83477.625,84242.8125,85015.4375,85794.1875,54195.3125,54538.3125,54882.625,55230.0,55578.6875,3927.4374999999995,3558.625,3184.5625,2805.25,2419.8125,-56452.375,-57660.74999999999,-58882.68749999999,-60119.06249999999,-61369.87499999999,-142084.6875,-144467.75,-146877.0625,-149313.0625,-151776.1875,-221655.875,-225108.625,-228599.0,-232126.56249999997,-235692.18749999997,-253276.62499999997,-257113.49999999997,-260991.49999999997,-264911.0625,-268871.75,-173545.3125,-176211.875,-178907.3125,-181631.1875,-184384.8125,-98018.375,-99592.5,-101184.5625,-102793.6875,-104419.875,-44982.875,-45796.1875,-46618.6875,-47450.8125,-48292.5625,-27893.25,-28458.9375,-29030.312499999996,-29608.249999999996,-30193.187499999996,-43485.3125,-44259.6875,-45043.25,-45835.125,-46635.75
TruckElec,World,0.0,0.0,0.0,0.0,0.0,0.0,0.0,0.0,0.0,0.0,0.0,0.0,0.0,0.0,0.0,0.0,0.0,0.0,0.0,0.0,0.0,0.0,0.0,0.0,0.0,0.0,0.0,0.0,0.0,0.0,0.0,0.0,0.0,0.0,0.0,0.0,0.0,0.0,0.0,0.0,0.0,0.0,0.0,0.0,0.0,0.0,0.0,0.0,0.0,0.0,0.0,0.0,0.0,0.0,0.0,0.0,0.0,0.0,0.0,0.0,0.0,0.0,0.0,0.0,0.0,0.0,0.0,0.0,0.0,0.0,0.0,0.0,0.0,0.0,0.0,0.0,0.0,0.0,0.0,0.0,0.0,0.0,0.0,0.0,0.0,0.0,0.0,0.0,0.0,0.0,0.0,0.0,0.0,0.0,0.0,0.0,0.0,0.0,0.0,0.0,0.0,0.0,0.0,0.0,0.0,0.0,0.0,0.0,0.0,0.0,0.0,0.0,0.0,0.0,0.0,2354.625,2387.4375,2420.25,2453.9375,2487.625,16705.9375,16937.375,17171.4375,17407.6875,17646.125,40170.375,40723.375,41282.5,41847.3125,42417.375,64752.18749999999,65636.375,66530.625,67433.1875,68345.375,89368.125,90578.25,91801.0625,93036.5625,94284.75,161846.5625,164041.5,166258.75,168499.1875,170762.8125,287604.625,291506.25,295447.25,299429.8125,303453.0625,401541.4375,406953.3125,412422.0625,417945.9375,423527.5625,554200.5,561633.1875,569142.4375,576729.5625,584394.5625,721572.6875,731193.3125,740912.375,750730.75,760650.625,908814.375,920856.5624999999,933022.1249999999,945311.9374999999,957727.3124999999,933481.9374999999,945641.3749999999,957925.0624999999,970332.9999999999,982867.8124999999,681318.3125,689744.5625,698255.25,706850.8125,715532.5625,476577.93749999994,481992.87499999994,487459.87499999994,492979.81249999994,498552.24999999994,329346.0625,332598.0,335880.5625,339191.5625,342532.75,248682.87499999997,250733.87499999997,252801.93749999997,254886.62499999997,256987.93749999997,239796.81249999997,241664.06249999997,243545.74999999997,245440.99999999997,247351.56249999997
TruckHydrogen,World,0.0,0.0,0.0,0.0,0.0,0.0,0.0,0.0,0.0,0.0,0.0,0.0,0.0,0.0,0.0,0.0,0.0,0.0,0.0,0.0,0.0,0.0,0.0,0.0,0.0,0.0,0.0,0.0,0.0,0.0,0.0,0.0,0.0,0.0,0.0,0.0,0.0,0.0,0.0,0.0,0.0,0.0,0.0,0.0,0.0,0.0,0.0,0.0,0.0,0.0,0.0,0.0,0.0,0.0,0.0,0.0,0.0,0.0,0.0,0.0,0.0,0.0,0.0,0.0,0.0,0.0,0.0,0.0,0.0,0.0,0.0,0.0,0.0,0.0,0.0,0.0,0.0,0.0,0.0,0.0,0.0,0.0,0.0,0.0,0.0,0.0,0.0,0.0,0.0,0.0,0.0,0.0,0.0,0.0,0.0,0.0,0.0,0.0,0.0,0.0,0.0,0.0,0.0,0.0,0.0,0.0,0.0,0.0,0.0,0.0,0.0,0.0,0.0,0.0,0.0,697.8125,707.875,717.5,727.5625,737.1875,3762.9374999999995,3814.5624999999995,3867.4999999999995,3920.4374999999995,3974.2499999999995,14855.749999999998,15060.937499999998,15268.312499999998,15477.874999999998,15689.187499999998,26381.6875,26743.5,27109.25,27477.625,27851.25,44957.0625,45570.0,46189.5,46815.125,47447.75,75808.25,76838.5625,77879.375,78931.5625,79993.8125,108618.125,110085.5,111567.75,113065.3125,114578.625,163093.0,165289.6875,167509.5625,169751.75,172017.125,240744.43749999997,243979.74999999997,247247.87499999997,250549.68749999997,253885.62499999997,306957.4375,311052.0,315189.0,319368.4375,323590.75,357854.875,362580.3125,367354.75,372177.3125,377049.3125,411417.125,416797.9375,422234.3125,427724.9375,433272.4375,454655.25,460534.81249999994,466473.87499999994,472473.74999999994,478534.43749999994,457322.25,463126.12499999994,468989.49999999994,474911.06249999994,480892.56249999994,467378.62499999994,473209.62499999994,479098.81249999994,485047.06249999994,491054.81249999994,512086.74999999994,518422.62499999994,524821.9375,531285.5625,537813.5,572176.9375,579221.5625,586335.75,593520.8125,600777.625
